,0
0,Theory
1,Reinforcement_Learning
2,Neural_Networks
3,Reinforcement_Learning
4,Neural_Networks
5,Genetic_Algorithms
6,Neural_Networks
7,Probabilistic_Methods
8,Neural_Networks
9,Rule_Learning
10,Probabilistic_Methods
11,Genetic_Algorithms
12,Probabilistic_Methods
13,Probabilistic_Methods
14,Theory
15,Probabilistic_Methods
16,Case_Based
17,Neural_Networks
18,Genetic_Algorithms
19,Genetic_Algorithms
20,Genetic_Algorithms
21,Genetic_Algorithms
22,Rule_Learning
23,Rule_Learning
24,Neural_Networks
25,Neural_Networks
26,Probabilistic_Methods
27,Reinforcement_Learning
28,Case_Based
29,Neural_Networks
30,Genetic_Algorithms
31,Neural_Networks
32,Rule_Learning
33,Genetic_Algorithms
34,Case_Based
35,Probabilistic_Methods
36,Theory
37,Neural_Networks
38,Neural_Networks
39,Rule_Learning
40,Genetic_Algorithms
41,Probabilistic_Methods
42,Genetic_Algorithms
43,Neural_Networks
44,Genetic_Algorithms
45,Neural_Networks
46,Case_Based
47,Case_Based
48,Neural_Networks
49,Neural_Networks
50,Neural_Networks
51,Neural_Networks
52,Probabilistic_Methods
53,Theory
54,Rule_Learning
55,Neural_Networks
56,Probabilistic_Methods
57,Rule_Learning
58,Genetic_Algorithms
59,Probabilistic_Methods
60,Genetic_Algorithms
61,Reinforcement_Learning
62,Neural_Networks
63,Probabilistic_Methods
64,Reinforcement_Learning
65,Theory
66,Reinforcement_Learning
67,Neural_Networks
68,Reinforcement_Learning
69,Neural_Networks
70,Probabilistic_Methods
71,Theory
72,Genetic_Algorithms
73,Theory
74,Genetic_Algorithms
75,Theory
76,Genetic_Algorithms
77,Case_Based
78,Case_Based
79,Genetic_Algorithms
80,Neural_Networks
81,Case_Based
82,Case_Based
83,Neural_Networks
84,Neural_Networks
85,Case_Based
86,Neural_Networks
87,Theory
88,Genetic_Algorithms
89,Probabilistic_Methods
90,Genetic_Algorithms
91,Neural_Networks
92,Reinforcement_Learning
93,Probabilistic_Methods
94,Neural_Networks
95,Theory
96,Probabilistic_Methods
97,Genetic_Algorithms
98,Neural_Networks
99,Genetic_Algorithms
100,Rule_Learning
101,Reinforcement_Learning
102,Theory
103,Case_Based
104,Reinforcement_Learning
105,Neural_Networks
106,Neural_Networks
107,Probabilistic_Methods
108,Probabilistic_Methods
109,Neural_Networks
110,Neural_Networks
111,Neural_Networks
112,Genetic_Algorithms
113,Case_Based
114,Neural_Networks
115,Neural_Networks
116,Neural_Networks
117,Rule_Learning
118,Genetic_Algorithms
119,Theory
120,Rule_Learning
121,Theory
122,Neural_Networks
123,Probabilistic_Methods
124,Neural_Networks
125,Neural_Networks
126,Neural_Networks
127,Neural_Networks
128,Neural_Networks
129,Probabilistic_Methods
130,Rule_Learning
131,Case_Based
132,Theory
133,Genetic_Algorithms
134,Genetic_Algorithms
135,Rule_Learning
136,Reinforcement_Learning
137,Neural_Networks
138,Case_Based
139,Case_Based
140,Genetic_Algorithms
141,Theory
142,Neural_Networks
143,Neural_Networks
144,Rule_Learning
145,Reinforcement_Learning
146,Probabilistic_Methods
147,Neural_Networks
148,Reinforcement_Learning
149,Genetic_Algorithms
150,Neural_Networks
151,Rule_Learning
152,Theory
153,Neural_Networks
154,Neural_Networks
155,Probabilistic_Methods
156,Rule_Learning
157,Theory
158,Neural_Networks
159,Neural_Networks
160,Neural_Networks
161,Neural_Networks
162,Neural_Networks
163,Probabilistic_Methods
164,Theory
165,Probabilistic_Methods
166,Probabilistic_Methods
167,Case_Based
168,Neural_Networks
169,Neural_Networks
170,Neural_Networks
171,Case_Based
172,Probabilistic_Methods
173,Neural_Networks
174,Genetic_Algorithms
175,Neural_Networks
176,Rule_Learning
177,Genetic_Algorithms
178,Neural_Networks
179,Genetic_Algorithms
180,Probabilistic_Methods
181,Neural_Networks
182,Neural_Networks
183,Neural_Networks
184,Case_Based
185,Rule_Learning
186,Theory
187,Theory
188,Probabilistic_Methods
189,Neural_Networks
190,Neural_Networks
191,Theory
192,Theory
193,Genetic_Algorithms
194,Theory
195,Probabilistic_Methods
196,Rule_Learning
197,Neural_Networks
198,Case_Based
199,Neural_Networks
200,Rule_Learning
201,Case_Based
202,Theory
203,Rule_Learning
204,Case_Based
205,Theory
206,Genetic_Algorithms
207,Neural_Networks
208,Genetic_Algorithms
209,Case_Based
210,Neural_Networks
211,Neural_Networks
212,Neural_Networks
213,Genetic_Algorithms
214,Reinforcement_Learning
215,Case_Based
216,Case_Based
217,Case_Based
218,Neural_Networks
219,Genetic_Algorithms
220,Neural_Networks
221,Genetic_Algorithms
222,Neural_Networks
223,Theory
224,Genetic_Algorithms
225,Neural_Networks
226,Case_Based
227,Reinforcement_Learning
228,Probabilistic_Methods
229,Neural_Networks
230,Genetic_Algorithms
231,Case_Based
232,Reinforcement_Learning
233,Case_Based
234,Case_Based
235,Genetic_Algorithms
236,Case_Based
237,Neural_Networks
238,Reinforcement_Learning
239,Case_Based
240,Genetic_Algorithms
241,Rule_Learning
242,Neural_Networks
243,Neural_Networks
244,Theory
245,Neural_Networks
246,Neural_Networks
247,Case_Based
248,Genetic_Algorithms
249,Reinforcement_Learning
250,Neural_Networks
251,Probabilistic_Methods
252,Probabilistic_Methods
253,Probabilistic_Methods
254,Theory
255,Case_Based
256,Theory
257,Reinforcement_Learning
258,Neural_Networks
259,Genetic_Algorithms
260,Case_Based
261,Case_Based
262,Reinforcement_Learning
263,Theory
264,Neural_Networks
265,Theory
266,Neural_Networks
267,Neural_Networks
268,Genetic_Algorithms
269,Genetic_Algorithms
270,Genetic_Algorithms
271,Genetic_Algorithms
272,Probabilistic_Methods
273,Rule_Learning
274,Theory
275,Neural_Networks
276,Probabilistic_Methods
277,Genetic_Algorithms
278,Genetic_Algorithms
279,Case_Based
280,Reinforcement_Learning
281,Genetic_Algorithms
282,Genetic_Algorithms
283,Case_Based
284,Theory
285,Case_Based
286,Neural_Networks
287,Reinforcement_Learning
288,Probabilistic_Methods
289,Neural_Networks
290,Neural_Networks
291,Theory
292,Reinforcement_Learning
293,Probabilistic_Methods
294,Genetic_Algorithms
295,Neural_Networks
296,Neural_Networks
297,Probabilistic_Methods
298,Probabilistic_Methods
299,Neural_Networks
300,Neural_Networks
301,Probabilistic_Methods
302,Neural_Networks
303,Neural_Networks
304,Neural_Networks
305,Rule_Learning
306,Reinforcement_Learning
307,Theory
308,Genetic_Algorithms
309,Reinforcement_Learning
310,Theory
311,Reinforcement_Learning
312,Probabilistic_Methods
313,Reinforcement_Learning
314,Probabilistic_Methods
315,Genetic_Algorithms
316,Neural_Networks
317,Probabilistic_Methods
318,Probabilistic_Methods
319,Probabilistic_Methods
320,Neural_Networks
321,Genetic_Algorithms
322,Probabilistic_Methods
323,Case_Based
324,Neural_Networks
325,Neural_Networks
326,Theory
327,Genetic_Algorithms
328,Neural_Networks
329,Genetic_Algorithms
330,Reinforcement_Learning
331,Rule_Learning
332,Neural_Networks
333,Probabilistic_Methods
334,Probabilistic_Methods
335,Probabilistic_Methods
336,Genetic_Algorithms
337,Case_Based
338,Neural_Networks
339,Genetic_Algorithms
340,Neural_Networks
341,Neural_Networks
342,Theory
343,Case_Based
344,Neural_Networks
345,Neural_Networks
346,Rule_Learning
347,Theory
348,Genetic_Algorithms
349,Case_Based
350,Rule_Learning
351,Neural_Networks
352,Genetic_Algorithms
353,Genetic_Algorithms
354,Neural_Networks
355,Case_Based
356,Neural_Networks
357,Neural_Networks
358,Neural_Networks
359,Neural_Networks
360,Genetic_Algorithms
361,Neural_Networks
362,Reinforcement_Learning
363,Reinforcement_Learning
364,Neural_Networks
365,Genetic_Algorithms
366,Neural_Networks
367,Theory
368,Genetic_Algorithms
369,Neural_Networks
370,Genetic_Algorithms
371,Case_Based
372,Genetic_Algorithms
373,Genetic_Algorithms
374,Probabilistic_Methods
375,Genetic_Algorithms
376,Case_Based
377,Neural_Networks
378,Neural_Networks
379,Case_Based
380,Neural_Networks
381,Theory
382,Reinforcement_Learning
383,Probabilistic_Methods
384,Probabilistic_Methods
385,Genetic_Algorithms
386,Neural_Networks
387,Theory
388,Probabilistic_Methods
389,Neural_Networks
390,Genetic_Algorithms
391,Neural_Networks
392,Reinforcement_Learning
393,Neural_Networks
394,Reinforcement_Learning
395,Probabilistic_Methods
396,Neural_Networks
397,Neural_Networks
398,Genetic_Algorithms
399,Neural_Networks
400,Theory
401,Genetic_Algorithms
402,Theory
403,Genetic_Algorithms
404,Neural_Networks
405,Theory
406,Theory
407,Neural_Networks
408,Neural_Networks
409,Case_Based
410,Theory
411,Probabilistic_Methods
412,Neural_Networks
413,Theory
414,Theory
415,Probabilistic_Methods
416,Theory
417,Theory
418,Case_Based
419,Case_Based
420,Neural_Networks
421,Probabilistic_Methods
422,Theory
423,Genetic_Algorithms
424,Genetic_Algorithms
425,Theory
426,Neural_Networks
427,Reinforcement_Learning
428,Reinforcement_Learning
429,Case_Based
430,Reinforcement_Learning
431,Probabilistic_Methods
432,Neural_Networks
433,Neural_Networks
434,Case_Based
435,Rule_Learning
436,Probabilistic_Methods
437,Theory
438,Probabilistic_Methods
439,Theory
440,Rule_Learning
441,Probabilistic_Methods
442,Neural_Networks
443,Theory
444,Neural_Networks
445,Rule_Learning
446,Probabilistic_Methods
447,Theory
448,Genetic_Algorithms
449,Theory
450,Neural_Networks
451,Rule_Learning
452,Neural_Networks
453,Neural_Networks
454,Genetic_Algorithms
455,Genetic_Algorithms
456,Neural_Networks
457,Case_Based
458,Neural_Networks
459,Case_Based
460,Probabilistic_Methods
461,Genetic_Algorithms
462,Genetic_Algorithms
463,Reinforcement_Learning
464,Genetic_Algorithms
465,Neural_Networks
466,Neural_Networks
467,Theory
468,Neural_Networks
469,Rule_Learning
470,Genetic_Algorithms
471,Theory
472,Genetic_Algorithms
473,Probabilistic_Methods
474,Theory
475,Probabilistic_Methods
476,Genetic_Algorithms
477,Theory
478,Neural_Networks
479,Neural_Networks
480,Rule_Learning
481,Neural_Networks
482,Theory
483,Theory
484,Theory
485,Genetic_Algorithms
486,Reinforcement_Learning
487,Neural_Networks
488,Neural_Networks
489,Neural_Networks
490,Reinforcement_Learning
491,Neural_Networks
492,Theory
493,Probabilistic_Methods
494,Theory
495,Case_Based
496,Genetic_Algorithms
497,Theory
498,Genetic_Algorithms
499,Neural_Networks
500,Probabilistic_Methods
501,Neural_Networks
502,Probabilistic_Methods
503,Neural_Networks
504,Genetic_Algorithms
505,Neural_Networks
506,Probabilistic_Methods
507,Theory
508,Neural_Networks
509,Genetic_Algorithms
510,Theory
511,Rule_Learning
512,Probabilistic_Methods
513,Neural_Networks
514,Neural_Networks
515,Case_Based
516,Neural_Networks
517,Genetic_Algorithms
518,Genetic_Algorithms
519,Probabilistic_Methods
520,Genetic_Algorithms
521,Probabilistic_Methods
522,Rule_Learning
523,Rule_Learning
524,Theory
525,Probabilistic_Methods
526,Neural_Networks
527,Neural_Networks
528,Rule_Learning
529,Neural_Networks
530,Rule_Learning
531,Neural_Networks
532,Theory
533,Probabilistic_Methods
534,Theory
535,Rule_Learning
536,Theory
537,Probabilistic_Methods
538,Genetic_Algorithms
539,Genetic_Algorithms
540,Neural_Networks
541,Theory
542,Neural_Networks
543,Neural_Networks
544,Reinforcement_Learning
545,Neural_Networks
546,Rule_Learning
547,Theory
548,Case_Based
549,Reinforcement_Learning
550,Theory
551,Genetic_Algorithms
552,Theory
553,Case_Based
554,Theory
555,Genetic_Algorithms
556,Reinforcement_Learning
557,Neural_Networks
558,Neural_Networks
559,Reinforcement_Learning
560,Theory
561,Case_Based
562,Case_Based
563,Genetic_Algorithms
564,Genetic_Algorithms
565,Neural_Networks
566,Case_Based
567,Theory
568,Theory
569,Theory
570,Neural_Networks
571,Genetic_Algorithms
572,Rule_Learning
573,Theory
574,Theory
575,Neural_Networks
576,Case_Based
577,Neural_Networks
578,Neural_Networks
579,Neural_Networks
580,Neural_Networks
581,Neural_Networks
582,Neural_Networks
583,Neural_Networks
584,Genetic_Algorithms
585,Reinforcement_Learning
586,Case_Based
587,Neural_Networks
588,Genetic_Algorithms
589,Neural_Networks
590,Case_Based
591,Probabilistic_Methods
592,Neural_Networks
593,Reinforcement_Learning
594,Probabilistic_Methods
595,Probabilistic_Methods
596,Rule_Learning
597,Neural_Networks
598,Neural_Networks
599,Genetic_Algorithms
600,Neural_Networks
601,Theory
602,Neural_Networks
603,Neural_Networks
604,Neural_Networks
605,Reinforcement_Learning
606,Theory
607,Neural_Networks
608,Reinforcement_Learning
609,Probabilistic_Methods
610,Rule_Learning
611,Probabilistic_Methods
612,Theory
613,Neural_Networks
614,Neural_Networks
615,Genetic_Algorithms
616,Reinforcement_Learning
617,Genetic_Algorithms
618,Theory
619,Genetic_Algorithms
620,Theory
621,Case_Based
622,Neural_Networks
623,Neural_Networks
624,Probabilistic_Methods
625,Theory
626,Theory
627,Theory
628,Neural_Networks
629,Probabilistic_Methods
630,Reinforcement_Learning
631,Rule_Learning
632,Neural_Networks
633,Theory
634,Neural_Networks
635,Neural_Networks
636,Neural_Networks
637,Reinforcement_Learning
638,Rule_Learning
639,Probabilistic_Methods
640,Neural_Networks
641,Neural_Networks
642,Probabilistic_Methods
643,Reinforcement_Learning
644,Genetic_Algorithms
645,Probabilistic_Methods
646,Reinforcement_Learning
647,Genetic_Algorithms
648,Reinforcement_Learning
649,Case_Based
650,Probabilistic_Methods
651,Case_Based
652,Genetic_Algorithms
653,Neural_Networks
654,Probabilistic_Methods
655,Theory
656,Neural_Networks
657,Probabilistic_Methods
658,Theory
659,Theory
660,Probabilistic_Methods
661,Case_Based
662,Probabilistic_Methods
663,Neural_Networks
664,Probabilistic_Methods
665,Neural_Networks
666,Reinforcement_Learning
667,Reinforcement_Learning
668,Genetic_Algorithms
669,Neural_Networks
670,Genetic_Algorithms
671,Neural_Networks
672,Probabilistic_Methods
673,Reinforcement_Learning
674,Rule_Learning
675,Neural_Networks
676,Rule_Learning
677,Genetic_Algorithms
678,Neural_Networks
679,Genetic_Algorithms
680,Theory
681,Genetic_Algorithms
682,Genetic_Algorithms
683,Case_Based
684,Case_Based
685,Reinforcement_Learning
686,Neural_Networks
687,Theory
688,Neural_Networks
689,Case_Based
690,Genetic_Algorithms
691,Neural_Networks
692,Neural_Networks
693,Genetic_Algorithms
694,Case_Based
695,Neural_Networks
696,Probabilistic_Methods
697,Neural_Networks
698,Neural_Networks
699,Neural_Networks
700,Neural_Networks
701,Theory
702,Theory
703,Neural_Networks
704,Genetic_Algorithms
705,Neural_Networks
706,Probabilistic_Methods
707,Neural_Networks
708,Theory
709,Neural_Networks
710,Rule_Learning
711,Theory
712,Neural_Networks
713,Case_Based
714,Case_Based
715,Neural_Networks
716,Probabilistic_Methods
717,Probabilistic_Methods
718,Rule_Learning
719,Reinforcement_Learning
720,Probabilistic_Methods
721,Reinforcement_Learning
722,Rule_Learning
723,Probabilistic_Methods
724,Probabilistic_Methods
725,Genetic_Algorithms
726,Reinforcement_Learning
727,Reinforcement_Learning
728,Reinforcement_Learning
729,Theory
730,Rule_Learning
731,Probabilistic_Methods
732,Reinforcement_Learning
733,Theory
734,Neural_Networks
735,Neural_Networks
736,Rule_Learning
737,Rule_Learning
738,Neural_Networks
739,Rule_Learning
740,Case_Based
741,Reinforcement_Learning
742,Probabilistic_Methods
743,Theory
744,Genetic_Algorithms
745,Neural_Networks
746,Rule_Learning
747,Probabilistic_Methods
748,Theory
749,Reinforcement_Learning
750,Neural_Networks
751,Probabilistic_Methods
752,Neural_Networks
753,Probabilistic_Methods
754,Neural_Networks
755,Case_Based
756,Neural_Networks
757,Reinforcement_Learning
758,Rule_Learning
759,Theory
760,Probabilistic_Methods
761,Neural_Networks
762,Neural_Networks
763,Theory
764,Theory
765,Theory
766,Probabilistic_Methods
767,Reinforcement_Learning
768,Probabilistic_Methods
769,Reinforcement_Learning
770,Reinforcement_Learning
771,Neural_Networks
772,Genetic_Algorithms
773,Case_Based
774,Theory
775,Neural_Networks
776,Probabilistic_Methods
777,Probabilistic_Methods
778,Probabilistic_Methods
779,Case_Based
780,Genetic_Algorithms
781,Case_Based
782,Neural_Networks
783,Neural_Networks
784,Reinforcement_Learning
785,Case_Based
786,Case_Based
787,Probabilistic_Methods
788,Probabilistic_Methods
789,Case_Based
790,Theory
791,Rule_Learning
792,Rule_Learning
793,Neural_Networks
794,Neural_Networks
795,Theory
796,Theory
797,Neural_Networks
798,Genetic_Algorithms
799,Genetic_Algorithms
800,Rule_Learning
801,Probabilistic_Methods
802,Neural_Networks
803,Reinforcement_Learning
804,Genetic_Algorithms
805,Case_Based
806,Neural_Networks
807,Probabilistic_Methods
808,Neural_Networks
809,Genetic_Algorithms
810,Neural_Networks
811,Theory
812,Neural_Networks
813,Case_Based
814,Genetic_Algorithms
815,Genetic_Algorithms
816,Neural_Networks
817,Case_Based
818,Neural_Networks
819,Neural_Networks
820,Neural_Networks
821,Neural_Networks
822,Neural_Networks
823,Neural_Networks
824,Neural_Networks
825,Genetic_Algorithms
826,Rule_Learning
827,Theory
828,Genetic_Algorithms
829,Neural_Networks
830,Genetic_Algorithms
831,Reinforcement_Learning
832,Neural_Networks
833,Probabilistic_Methods
834,Neural_Networks
835,Neural_Networks
836,Reinforcement_Learning
837,Probabilistic_Methods
838,Neural_Networks
839,Case_Based
840,Neural_Networks
841,Case_Based
842,Probabilistic_Methods
843,Case_Based
844,Neural_Networks
845,Theory
846,Rule_Learning
847,Neural_Networks
848,Rule_Learning
849,Reinforcement_Learning
850,Case_Based
851,Reinforcement_Learning
852,Probabilistic_Methods
853,Neural_Networks
854,Case_Based
855,Case_Based
856,Neural_Networks
857,Reinforcement_Learning
858,Reinforcement_Learning
859,Rule_Learning
860,Neural_Networks
861,Neural_Networks
862,Reinforcement_Learning
863,Probabilistic_Methods
864,Case_Based
865,Probabilistic_Methods
866,Probabilistic_Methods
867,Genetic_Algorithms
868,Theory
869,Neural_Networks
870,Genetic_Algorithms
871,Neural_Networks
872,Probabilistic_Methods
873,Theory
874,Neural_Networks
875,Neural_Networks
876,Case_Based
877,Case_Based
878,Case_Based
879,Theory
880,Theory
881,Probabilistic_Methods
882,Genetic_Algorithms
883,Probabilistic_Methods
884,Neural_Networks
885,Reinforcement_Learning
886,Neural_Networks
887,Probabilistic_Methods
888,Reinforcement_Learning
889,Genetic_Algorithms
890,Neural_Networks
891,Neural_Networks
892,Neural_Networks
893,Theory
894,Probabilistic_Methods
895,Neural_Networks
896,Genetic_Algorithms
897,Neural_Networks
898,Neural_Networks
899,Theory
900,Neural_Networks
901,Genetic_Algorithms
902,Theory
903,Genetic_Algorithms
904,Rule_Learning
905,Genetic_Algorithms
906,Theory
907,Neural_Networks
908,Theory
909,Genetic_Algorithms
910,Theory
911,Rule_Learning
912,Probabilistic_Methods
913,Neural_Networks
914,Neural_Networks
915,Neural_Networks
916,Genetic_Algorithms
917,Genetic_Algorithms
918,Neural_Networks
919,Genetic_Algorithms
920,Genetic_Algorithms
921,Probabilistic_Methods
922,Neural_Networks
923,Case_Based
924,Theory
925,Neural_Networks
926,Genetic_Algorithms
927,Neural_Networks
928,Probabilistic_Methods
929,Probabilistic_Methods
930,Case_Based
931,Neural_Networks
932,Genetic_Algorithms
933,Theory
934,Case_Based
935,Case_Based
936,Probabilistic_Methods
937,Neural_Networks
938,Case_Based
939,Reinforcement_Learning
940,Neural_Networks
941,Case_Based
942,Genetic_Algorithms
943,Reinforcement_Learning
944,Rule_Learning
945,Probabilistic_Methods
946,Theory
947,Rule_Learning
948,Neural_Networks
949,Reinforcement_Learning
950,Probabilistic_Methods
951,Probabilistic_Methods
952,Case_Based
953,Neural_Networks
954,Neural_Networks
955,Probabilistic_Methods
956,Rule_Learning
957,Case_Based
958,Case_Based
959,Probabilistic_Methods
960,Neural_Networks
961,Theory
962,Neural_Networks
963,Theory
964,Neural_Networks
965,Genetic_Algorithms
966,Theory
967,Genetic_Algorithms
968,Case_Based
969,Theory
970,Reinforcement_Learning
971,Probabilistic_Methods
972,Rule_Learning
973,Rule_Learning
974,Neural_Networks
975,Neural_Networks
976,Genetic_Algorithms
977,Neural_Networks
978,Theory
979,Neural_Networks
980,Case_Based
981,Genetic_Algorithms
982,Rule_Learning
983,Genetic_Algorithms
984,Neural_Networks
985,Neural_Networks
986,Genetic_Algorithms
987,Theory
988,Reinforcement_Learning
989,Probabilistic_Methods
990,Neural_Networks
991,Case_Based
992,Probabilistic_Methods
993,Neural_Networks
994,Rule_Learning
995,Neural_Networks
996,Reinforcement_Learning
997,Probabilistic_Methods
998,Case_Based
999,Neural_Networks
1000,Genetic_Algorithms
1001,Neural_Networks
1002,Neural_Networks
1003,Neural_Networks
1004,Reinforcement_Learning
1005,Case_Based
1006,Neural_Networks
1007,Theory
1008,Theory
1009,Genetic_Algorithms
1010,Genetic_Algorithms
1011,Probabilistic_Methods
1012,Case_Based
1013,Genetic_Algorithms
1014,Neural_Networks
1015,Genetic_Algorithms
1016,Probabilistic_Methods
1017,Rule_Learning
1018,Neural_Networks
1019,Theory
1020,Neural_Networks
1021,Theory
1022,Theory
1023,Neural_Networks
1024,Genetic_Algorithms
1025,Theory
1026,Neural_Networks
1027,Genetic_Algorithms
1028,Probabilistic_Methods
1029,Rule_Learning
1030,Case_Based
1031,Probabilistic_Methods
1032,Neural_Networks
1033,Neural_Networks
1034,Genetic_Algorithms
1035,Probabilistic_Methods
1036,Probabilistic_Methods
1037,Theory
1038,Neural_Networks
1039,Neural_Networks
1040,Rule_Learning
1041,Genetic_Algorithms
1042,Genetic_Algorithms
1043,Genetic_Algorithms
1044,Genetic_Algorithms
1045,Theory
1046,Neural_Networks
1047,Genetic_Algorithms
1048,Reinforcement_Learning
1049,Genetic_Algorithms
1050,Neural_Networks
1051,Rule_Learning
1052,Rule_Learning
1053,Theory
1054,Case_Based
1055,Neural_Networks
1056,Theory
1057,Theory
1058,Genetic_Algorithms
1059,Theory
1060,Reinforcement_Learning
1061,Neural_Networks
1062,Neural_Networks
1063,Neural_Networks
1064,Neural_Networks
1065,Neural_Networks
1066,Neural_Networks
1067,Neural_Networks
1068,Neural_Networks
1069,Theory
1070,Neural_Networks
1071,Genetic_Algorithms
1072,Genetic_Algorithms
1073,Genetic_Algorithms
1074,Neural_Networks
1075,Theory
1076,Neural_Networks
1077,Probabilistic_Methods
1078,Probabilistic_Methods
1079,Probabilistic_Methods
1080,Neural_Networks
1081,Probabilistic_Methods
1082,Reinforcement_Learning
1083,Genetic_Algorithms
1084,Neural_Networks
1085,Theory
1086,Theory
1087,Genetic_Algorithms
1088,Theory
1089,Neural_Networks
1090,Probabilistic_Methods
1091,Genetic_Algorithms
1092,Neural_Networks
1093,Neural_Networks
1094,Case_Based
1095,Neural_Networks
1096,Neural_Networks
1097,Case_Based
1098,Case_Based
1099,Genetic_Algorithms
1100,Probabilistic_Methods
1101,Genetic_Algorithms
1102,Genetic_Algorithms
1103,Probabilistic_Methods
1104,Neural_Networks
1105,Theory
1106,Probabilistic_Methods
1107,Theory
1108,Neural_Networks
1109,Probabilistic_Methods
1110,Genetic_Algorithms
1111,Theory
1112,Neural_Networks
1113,Probabilistic_Methods
1114,Case_Based
1115,Genetic_Algorithms
1116,Probabilistic_Methods
1117,Genetic_Algorithms
1118,Probabilistic_Methods
1119,Genetic_Algorithms
1120,Case_Based
1121,Neural_Networks
1122,Neural_Networks
1123,Probabilistic_Methods
1124,Neural_Networks
1125,Probabilistic_Methods
1126,Probabilistic_Methods
1127,Probabilistic_Methods
1128,Neural_Networks
1129,Probabilistic_Methods
1130,Rule_Learning
1131,Probabilistic_Methods
1132,Neural_Networks
1133,Probabilistic_Methods
1134,Neural_Networks
1135,Neural_Networks
1136,Neural_Networks
1137,Theory
1138,Rule_Learning
1139,Rule_Learning
1140,Neural_Networks
1141,Genetic_Algorithms
1142,Rule_Learning
1143,Genetic_Algorithms
1144,Genetic_Algorithms
1145,Theory
1146,Genetic_Algorithms
1147,Neural_Networks
1148,Genetic_Algorithms
1149,Case_Based
1150,Theory
1151,Case_Based
1152,Genetic_Algorithms
1153,Theory
1154,Neural_Networks
1155,Probabilistic_Methods
1156,Case_Based
1157,Theory
1158,Neural_Networks
1159,Genetic_Algorithms
1160,Reinforcement_Learning
1161,Probabilistic_Methods
1162,Theory
1163,Reinforcement_Learning
1164,Probabilistic_Methods
1165,Theory
1166,Neural_Networks
1167,Neural_Networks
1168,Neural_Networks
1169,Reinforcement_Learning
1170,Probabilistic_Methods
1171,Neural_Networks
1172,Case_Based
1173,Theory
1174,Case_Based
1175,Reinforcement_Learning
1176,Probabilistic_Methods
1177,Rule_Learning
1178,Neural_Networks
1179,Probabilistic_Methods
1180,Case_Based
1181,Genetic_Algorithms
1182,Neural_Networks
1183,Case_Based
1184,Neural_Networks
1185,Case_Based
1186,Theory
1187,Neural_Networks
1188,Neural_Networks
1189,Theory
1190,Case_Based
1191,Probabilistic_Methods
1192,Rule_Learning
1193,Neural_Networks
1194,Rule_Learning
1195,Neural_Networks
1196,Neural_Networks
1197,Probabilistic_Methods
1198,Genetic_Algorithms
1199,Probabilistic_Methods
1200,Neural_Networks
1201,Neural_Networks
1202,Case_Based
1203,Neural_Networks
1204,Reinforcement_Learning
1205,Case_Based
1206,Theory
1207,Neural_Networks
1208,Rule_Learning
1209,Probabilistic_Methods
1210,Theory
1211,Neural_Networks
1212,Probabilistic_Methods
1213,Neural_Networks
1214,Probabilistic_Methods
1215,Genetic_Algorithms
1216,Reinforcement_Learning
1217,Neural_Networks
1218,Probabilistic_Methods
1219,Case_Based
1220,Neural_Networks
1221,Neural_Networks
1222,Case_Based
1223,Case_Based
1224,Theory
1225,Rule_Learning
1226,Theory
1227,Neural_Networks
1228,Genetic_Algorithms
1229,Neural_Networks
1230,Reinforcement_Learning
1231,Neural_Networks
1232,Rule_Learning
1233,Genetic_Algorithms
1234,Genetic_Algorithms
1235,Neural_Networks
1236,Neural_Networks
1237,Neural_Networks
1238,Neural_Networks
1239,Neural_Networks
1240,Reinforcement_Learning
1241,Probabilistic_Methods
1242,Genetic_Algorithms
1243,Theory
1244,Genetic_Algorithms
1245,Genetic_Algorithms
1246,Theory
1247,Probabilistic_Methods
1248,Genetic_Algorithms
1249,Probabilistic_Methods
1250,Case_Based
1251,Genetic_Algorithms
1252,Theory
1253,Genetic_Algorithms
1254,Probabilistic_Methods
1255,Neural_Networks
1256,Neural_Networks
1257,Theory
1258,Case_Based
1259,Probabilistic_Methods
1260,Genetic_Algorithms
1261,Genetic_Algorithms
1262,Neural_Networks
1263,Genetic_Algorithms
1264,Theory
1265,Case_Based
1266,Theory
1267,Probabilistic_Methods
1268,Neural_Networks
1269,Probabilistic_Methods
1270,Probabilistic_Methods
1271,Neural_Networks
1272,Neural_Networks
1273,Genetic_Algorithms
1274,Neural_Networks
1275,Genetic_Algorithms
1276,Case_Based
1277,Theory
1278,Theory
1279,Neural_Networks
1280,Genetic_Algorithms
1281,Reinforcement_Learning
1282,Theory
1283,Rule_Learning
1284,Neural_Networks
1285,Theory
1286,Neural_Networks
1287,Genetic_Algorithms
1288,Neural_Networks
1289,Case_Based
1290,Case_Based
1291,Reinforcement_Learning
1292,Reinforcement_Learning
1293,Case_Based
1294,Genetic_Algorithms
1295,Genetic_Algorithms
1296,Reinforcement_Learning
1297,Case_Based
1298,Neural_Networks
1299,Genetic_Algorithms
1300,Neural_Networks
1301,Neural_Networks
1302,Neural_Networks
1303,Genetic_Algorithms
1304,Neural_Networks
1305,Reinforcement_Learning
1306,Neural_Networks
1307,Probabilistic_Methods
1308,Theory
1309,Neural_Networks
1310,Case_Based
1311,Theory
1312,Neural_Networks
1313,Reinforcement_Learning
1314,Genetic_Algorithms
1315,Genetic_Algorithms
1316,Genetic_Algorithms
1317,Genetic_Algorithms
1318,Case_Based
1319,Theory
1320,Genetic_Algorithms
1321,Neural_Networks
1322,Neural_Networks
1323,Probabilistic_Methods
1324,Genetic_Algorithms
1325,Neural_Networks
1326,Probabilistic_Methods
1327,Theory
1328,Theory
1329,Neural_Networks
1330,Neural_Networks
1331,Genetic_Algorithms
1332,Genetic_Algorithms
1333,Case_Based
1334,Case_Based
1335,Neural_Networks
1336,Neural_Networks
1337,Neural_Networks
1338,Probabilistic_Methods
1339,Case_Based
1340,Neural_Networks
1341,Probabilistic_Methods
1342,Reinforcement_Learning
1343,Genetic_Algorithms
1344,Neural_Networks
1345,Genetic_Algorithms
1346,Case_Based
1347,Theory
1348,Theory
1349,Neural_Networks
1350,Neural_Networks
1351,Neural_Networks
1352,Neural_Networks
1353,Reinforcement_Learning
1354,Probabilistic_Methods
1355,Reinforcement_Learning
1356,Neural_Networks
1357,Theory
1358,Neural_Networks
1359,Theory
1360,Probabilistic_Methods
1361,Case_Based
1362,Theory
1363,Neural_Networks
1364,Reinforcement_Learning
1365,Probabilistic_Methods
1366,Neural_Networks
1367,Case_Based
1368,Neural_Networks
1369,Neural_Networks
1370,Probabilistic_Methods
1371,Neural_Networks
1372,Neural_Networks
1373,Reinforcement_Learning
1374,Probabilistic_Methods
1375,Neural_Networks
1376,Theory
1377,Genetic_Algorithms
1378,Case_Based
1379,Neural_Networks
1380,Rule_Learning
1381,Probabilistic_Methods
1382,Genetic_Algorithms
1383,Neural_Networks
1384,Neural_Networks
1385,Genetic_Algorithms
1386,Probabilistic_Methods
1387,Case_Based
1388,Theory
1389,Probabilistic_Methods
1390,Probabilistic_Methods
1391,Genetic_Algorithms
1392,Neural_Networks
1393,Probabilistic_Methods
1394,Genetic_Algorithms
1395,Genetic_Algorithms
1396,Neural_Networks
1397,Probabilistic_Methods
1398,Case_Based
1399,Neural_Networks
1400,Probabilistic_Methods
1401,Case_Based
1402,Theory
1403,Rule_Learning
1404,Neural_Networks
1405,Case_Based
1406,Neural_Networks
1407,Probabilistic_Methods
1408,Theory
1409,Neural_Networks
1410,Theory
1411,Genetic_Algorithms
1412,Genetic_Algorithms
1413,Neural_Networks
1414,Probabilistic_Methods
1415,Rule_Learning
1416,Reinforcement_Learning
1417,Neural_Networks
1418,Neural_Networks
1419,Neural_Networks
1420,Genetic_Algorithms
1421,Probabilistic_Methods
1422,Case_Based
1423,Case_Based
1424,Neural_Networks
1425,Case_Based
1426,Neural_Networks
1427,Rule_Learning
1428,Genetic_Algorithms
1429,Neural_Networks
1430,Neural_Networks
1431,Probabilistic_Methods
1432,Theory
1433,Reinforcement_Learning
1434,Genetic_Algorithms
1435,Probabilistic_Methods
1436,Theory
1437,Theory
1438,Rule_Learning
1439,Neural_Networks
1440,Neural_Networks
1441,Neural_Networks
1442,Genetic_Algorithms
1443,Theory
1444,Genetic_Algorithms
1445,Neural_Networks
1446,Neural_Networks
1447,Probabilistic_Methods
1448,Neural_Networks
1449,Case_Based
1450,Theory
1451,Genetic_Algorithms
1452,Probabilistic_Methods
1453,Reinforcement_Learning
1454,Case_Based
1455,Theory
1456,Neural_Networks
1457,Probabilistic_Methods
1458,Rule_Learning
1459,Case_Based
1460,Rule_Learning
1461,Probabilistic_Methods
1462,Neural_Networks
1463,Probabilistic_Methods
1464,Rule_Learning
1465,Genetic_Algorithms
1466,Genetic_Algorithms
1467,Case_Based
1468,Neural_Networks
1469,Rule_Learning
1470,Neural_Networks
1471,Genetic_Algorithms
1472,Probabilistic_Methods
1473,Rule_Learning
1474,Theory
1475,Case_Based
1476,Neural_Networks
1477,Reinforcement_Learning
1478,Probabilistic_Methods
1479,Theory
1480,Theory
1481,Genetic_Algorithms
1482,Case_Based
1483,Genetic_Algorithms
1484,Neural_Networks
1485,Case_Based
1486,Neural_Networks
1487,Probabilistic_Methods
1488,Reinforcement_Learning
1489,Neural_Networks
1490,Probabilistic_Methods
1491,Neural_Networks
1492,Reinforcement_Learning
1493,Rule_Learning
1494,Probabilistic_Methods
1495,Theory
1496,Genetic_Algorithms
1497,Probabilistic_Methods
1498,Neural_Networks
1499,Theory
1500,Probabilistic_Methods
1501,Neural_Networks
1502,Rule_Learning
1503,Genetic_Algorithms
1504,Rule_Learning
1505,Genetic_Algorithms
1506,Rule_Learning
1507,Neural_Networks
1508,Genetic_Algorithms
1509,Probabilistic_Methods
1510,Case_Based
1511,Neural_Networks
1512,Probabilistic_Methods
1513,Rule_Learning
1514,Case_Based
1515,Reinforcement_Learning
1516,Neural_Networks
1517,Case_Based
1518,Genetic_Algorithms
1519,Genetic_Algorithms
1520,Neural_Networks
1521,Neural_Networks
1522,Reinforcement_Learning
1523,Theory
1524,Probabilistic_Methods
1525,Theory
1526,Genetic_Algorithms
1527,Neural_Networks
1528,Neural_Networks
1529,Rule_Learning
1530,Reinforcement_Learning
1531,Reinforcement_Learning
1532,Neural_Networks
1533,Genetic_Algorithms
1534,Genetic_Algorithms
1535,Neural_Networks
1536,Rule_Learning
1537,Reinforcement_Learning
1538,Neural_Networks
1539,Theory
1540,Neural_Networks
1541,Rule_Learning
1542,Probabilistic_Methods
1543,Case_Based
1544,Neural_Networks
1545,Genetic_Algorithms
1546,Probabilistic_Methods
1547,Probabilistic_Methods
1548,Theory
1549,Neural_Networks
1550,Case_Based
1551,Theory
1552,Case_Based
1553,Case_Based
1554,Theory
1555,Rule_Learning
1556,Genetic_Algorithms
1557,Genetic_Algorithms
1558,Case_Based
1559,Genetic_Algorithms
1560,Case_Based
1561,Neural_Networks
1562,Neural_Networks
1563,Genetic_Algorithms
1564,Theory
1565,Theory
1566,Probabilistic_Methods
1567,Reinforcement_Learning
1568,Probabilistic_Methods
1569,Neural_Networks
1570,Genetic_Algorithms
1571,Theory
1572,Neural_Networks
1573,Reinforcement_Learning
1574,Neural_Networks
1575,Probabilistic_Methods
1576,Neural_Networks
1577,Reinforcement_Learning
1578,Neural_Networks
1579,Genetic_Algorithms
1580,Rule_Learning
1581,Neural_Networks
1582,Neural_Networks
1583,Neural_Networks
1584,Neural_Networks
1585,Probabilistic_Methods
1586,Neural_Networks
1587,Case_Based
1588,Neural_Networks
1589,Theory
1590,Neural_Networks
1591,Genetic_Algorithms
1592,Case_Based
1593,Neural_Networks
1594,Case_Based
1595,Theory
1596,Neural_Networks
1597,Genetic_Algorithms
1598,Neural_Networks
1599,Case_Based
1600,Neural_Networks
1601,Neural_Networks
1602,Probabilistic_Methods
1603,Rule_Learning
1604,Neural_Networks
1605,Rule_Learning
1606,Probabilistic_Methods
1607,Probabilistic_Methods
1608,Probabilistic_Methods
1609,Genetic_Algorithms
1610,Genetic_Algorithms
1611,Rule_Learning
1612,Probabilistic_Methods
1613,Neural_Networks
1614,Reinforcement_Learning
1615,Case_Based
1616,Neural_Networks
1617,Genetic_Algorithms
1618,Reinforcement_Learning
1619,Probabilistic_Methods
1620,Genetic_Algorithms
1621,Theory
1622,Neural_Networks
1623,Neural_Networks
1624,Case_Based
1625,Reinforcement_Learning
1626,Probabilistic_Methods
1627,Neural_Networks
1628,Neural_Networks
1629,Neural_Networks
1630,Neural_Networks
1631,Case_Based
1632,Reinforcement_Learning
1633,Genetic_Algorithms
1634,Probabilistic_Methods
1635,Reinforcement_Learning
1636,Genetic_Algorithms
1637,Case_Based
1638,Genetic_Algorithms
1639,Probabilistic_Methods
1640,Case_Based
1641,Case_Based
1642,Theory
1643,Reinforcement_Learning
1644,Genetic_Algorithms
1645,Genetic_Algorithms
1646,Rule_Learning
1647,Rule_Learning
1648,Genetic_Algorithms
1649,Theory
1650,Reinforcement_Learning
1651,Case_Based
1652,Neural_Networks
1653,Rule_Learning
1654,Neural_Networks
1655,Probabilistic_Methods
1656,Neural_Networks
1657,Neural_Networks
1658,Genetic_Algorithms
1659,Genetic_Algorithms
1660,Genetic_Algorithms
1661,Neural_Networks
1662,Rule_Learning
1663,Reinforcement_Learning
1664,Case_Based
1665,Theory
1666,Neural_Networks
1667,Theory
1668,Neural_Networks
1669,Reinforcement_Learning
1670,Case_Based
1671,Probabilistic_Methods
1672,Case_Based
1673,Genetic_Algorithms
1674,Neural_Networks
1675,Neural_Networks
1676,Probabilistic_Methods
1677,Neural_Networks
1678,Neural_Networks
1679,Case_Based
1680,Probabilistic_Methods
1681,Neural_Networks
1682,Genetic_Algorithms
1683,Neural_Networks
1684,Genetic_Algorithms
1685,Neural_Networks
1686,Neural_Networks
1687,Neural_Networks
1688,Genetic_Algorithms
1689,Probabilistic_Methods
1690,Theory
1691,Neural_Networks
1692,Neural_Networks
1693,Genetic_Algorithms
1694,Reinforcement_Learning
1695,Neural_Networks
1696,Reinforcement_Learning
1697,Neural_Networks
1698,Reinforcement_Learning
1699,Genetic_Algorithms
1700,Neural_Networks
1701,Neural_Networks
1702,Neural_Networks
1703,Neural_Networks
1704,Rule_Learning
1705,Genetic_Algorithms
1706,Neural_Networks
1707,Neural_Networks
1708,Genetic_Algorithms
1709,Theory
1710,Genetic_Algorithms
1711,Probabilistic_Methods
1712,Neural_Networks
1713,Probabilistic_Methods
1714,Neural_Networks
1715,Probabilistic_Methods
1716,Reinforcement_Learning
1717,Theory
1718,Probabilistic_Methods
1719,Case_Based
1720,Case_Based
1721,Genetic_Algorithms
1722,Genetic_Algorithms
1723,Case_Based
1724,Probabilistic_Methods
1725,Case_Based
1726,Probabilistic_Methods
1727,Probabilistic_Methods
1728,Neural_Networks
1729,Theory
1730,Rule_Learning
1731,Neural_Networks
1732,Probabilistic_Methods
1733,Theory
1734,Neural_Networks
1735,Theory
1736,Neural_Networks
1737,Genetic_Algorithms
1738,Reinforcement_Learning
1739,Theory
1740,Neural_Networks
1741,Neural_Networks
1742,Genetic_Algorithms
1743,Genetic_Algorithms
1744,Genetic_Algorithms
1745,Neural_Networks
1746,Genetic_Algorithms
1747,Neural_Networks
1748,Probabilistic_Methods
1749,Neural_Networks
1750,Neural_Networks
1751,Rule_Learning
1752,Neural_Networks
1753,Case_Based
1754,Probabilistic_Methods
1755,Neural_Networks
1756,Neural_Networks
1757,Genetic_Algorithms
1758,Genetic_Algorithms
1759,Reinforcement_Learning
1760,Theory
1761,Neural_Networks
1762,Genetic_Algorithms
1763,Case_Based
1764,Neural_Networks
1765,Neural_Networks
1766,Probabilistic_Methods
1767,Theory
1768,Probabilistic_Methods
1769,Neural_Networks
1770,Probabilistic_Methods
1771,Genetic_Algorithms
1772,Neural_Networks
1773,Neural_Networks
1774,Reinforcement_Learning
1775,Rule_Learning
1776,Case_Based
1777,Theory
1778,Probabilistic_Methods
1779,Genetic_Algorithms
1780,Genetic_Algorithms
1781,Genetic_Algorithms
1782,Genetic_Algorithms
1783,Reinforcement_Learning
1784,Theory
1785,Theory
1786,Neural_Networks
1787,Case_Based
1788,Theory
1789,Reinforcement_Learning
1790,Probabilistic_Methods
1791,Neural_Networks
1792,Case_Based
1793,Neural_Networks
1794,Genetic_Algorithms
1795,Neural_Networks
1796,Neural_Networks
1797,Probabilistic_Methods
1798,Neural_Networks
1799,Reinforcement_Learning
1800,Neural_Networks
1801,Neural_Networks
1802,Probabilistic_Methods
1803,Theory
1804,Probabilistic_Methods
1805,Neural_Networks
1806,Probabilistic_Methods
1807,Rule_Learning
1808,Probabilistic_Methods
1809,Probabilistic_Methods
1810,Neural_Networks
1811,Theory
1812,Neural_Networks
1813,Theory
1814,Probabilistic_Methods
1815,Case_Based
1816,Neural_Networks
1817,Genetic_Algorithms
1818,Neural_Networks
1819,Theory
1820,Genetic_Algorithms
1821,Neural_Networks
1822,Case_Based
1823,Genetic_Algorithms
1824,Neural_Networks
1825,Case_Based
1826,Theory
1827,Genetic_Algorithms
1828,Neural_Networks
1829,Theory
1830,Neural_Networks
1831,Case_Based
1832,Genetic_Algorithms
1833,Reinforcement_Learning
1834,Theory
1835,Case_Based
1836,Probabilistic_Methods
1837,Neural_Networks
1838,Neural_Networks
1839,Theory
1840,Theory
1841,Probabilistic_Methods
1842,Rule_Learning
1843,Case_Based
1844,Neural_Networks
1845,Neural_Networks
1846,Genetic_Algorithms
1847,Probabilistic_Methods
1848,Case_Based
1849,Neural_Networks
1850,Probabilistic_Methods
1851,Case_Based
1852,Probabilistic_Methods
1853,Reinforcement_Learning
1854,Reinforcement_Learning
1855,Case_Based
1856,Probabilistic_Methods
1857,Theory
1858,Genetic_Algorithms
1859,Genetic_Algorithms
1860,Probabilistic_Methods
1861,Case_Based
1862,Rule_Learning
1863,Theory
1864,Theory
1865,Rule_Learning
1866,Neural_Networks
1867,Neural_Networks
1868,Neural_Networks
1869,Case_Based
1870,Case_Based
1871,Neural_Networks
1872,Genetic_Algorithms
1873,Reinforcement_Learning
1874,Probabilistic_Methods
1875,Genetic_Algorithms
1876,Probabilistic_Methods
1877,Reinforcement_Learning
1878,Neural_Networks
1879,Neural_Networks
1880,Neural_Networks
1881,Probabilistic_Methods
1882,Neural_Networks
1883,Neural_Networks
1884,Neural_Networks
1885,Neural_Networks
1886,Theory
1887,Genetic_Algorithms
1888,Genetic_Algorithms
1889,Case_Based
1890,Theory
1891,Neural_Networks
1892,Reinforcement_Learning
1893,Probabilistic_Methods
1894,Neural_Networks
1895,Case_Based
1896,Reinforcement_Learning
1897,Neural_Networks
1898,Probabilistic_Methods
1899,Neural_Networks
1900,Neural_Networks
1901,Neural_Networks
1902,Theory
1903,Theory
1904,Genetic_Algorithms
1905,Neural_Networks
1906,Neural_Networks
1907,Theory
1908,Neural_Networks
1909,Neural_Networks
1910,Theory
1911,Case_Based
1912,Genetic_Algorithms
1913,Probabilistic_Methods
1914,Rule_Learning
1915,Rule_Learning
1916,Rule_Learning
1917,Genetic_Algorithms
1918,Case_Based
1919,Neural_Networks
1920,Genetic_Algorithms
1921,Case_Based
1922,Probabilistic_Methods
1923,Neural_Networks
1924,Reinforcement_Learning
1925,Theory
1926,Neural_Networks
1927,Genetic_Algorithms
1928,Genetic_Algorithms
1929,Probabilistic_Methods
1930,Rule_Learning
1931,Neural_Networks
1932,Neural_Networks
1933,Genetic_Algorithms
1934,Neural_Networks
1935,Reinforcement_Learning
1936,Theory
1937,Rule_Learning
1938,Probabilistic_Methods
1939,Reinforcement_Learning
1940,Probabilistic_Methods
1941,Neural_Networks
1942,Probabilistic_Methods
1943,Genetic_Algorithms
1944,Reinforcement_Learning
1945,Theory
1946,Neural_Networks
1947,Case_Based
1948,Genetic_Algorithms
1949,Neural_Networks
1950,Reinforcement_Learning
1951,Theory
1952,Neural_Networks
1953,Genetic_Algorithms
1954,Probabilistic_Methods
1955,Genetic_Algorithms
1956,Probabilistic_Methods
1957,Case_Based
1958,Case_Based
1959,Neural_Networks
1960,Probabilistic_Methods
1961,Genetic_Algorithms
1962,Genetic_Algorithms
1963,Genetic_Algorithms
1964,Neural_Networks
1965,Probabilistic_Methods
1966,Case_Based
1967,Neural_Networks
1968,Neural_Networks
1969,Theory
1970,Genetic_Algorithms
1971,Reinforcement_Learning
1972,Neural_Networks
1973,Neural_Networks
1974,Neural_Networks
1975,Rule_Learning
1976,Genetic_Algorithms
1977,Reinforcement_Learning
1978,Reinforcement_Learning
1979,Genetic_Algorithms
1980,Neural_Networks
1981,Rule_Learning
1982,Probabilistic_Methods
1983,Neural_Networks
1984,Reinforcement_Learning
1985,Probabilistic_Methods
1986,Neural_Networks
1987,Probabilistic_Methods
1988,Probabilistic_Methods
1989,Probabilistic_Methods
1990,Neural_Networks
1991,Probabilistic_Methods
1992,Rule_Learning
1993,Neural_Networks
1994,Reinforcement_Learning
1995,Probabilistic_Methods
1996,Reinforcement_Learning
1997,Probabilistic_Methods
1998,Probabilistic_Methods
1999,Theory
2000,Neural_Networks
2001,Neural_Networks
2002,Theory
2003,Theory
2004,Probabilistic_Methods
2005,Reinforcement_Learning
2006,Neural_Networks
2007,Probabilistic_Methods
2008,Neural_Networks
2009,Rule_Learning
2010,Neural_Networks
2011,Neural_Networks
2012,Probabilistic_Methods
2013,Neural_Networks
2014,Rule_Learning
2015,Probabilistic_Methods
2016,Neural_Networks
2017,Rule_Learning
2018,Neural_Networks
2019,Genetic_Algorithms
2020,Rule_Learning
2021,Neural_Networks
2022,Neural_Networks
2023,Probabilistic_Methods
2024,Probabilistic_Methods
2025,Rule_Learning
2026,Genetic_Algorithms
2027,Neural_Networks
2028,Neural_Networks
2029,Reinforcement_Learning
2030,Theory
2031,Reinforcement_Learning
2032,Genetic_Algorithms
2033,Neural_Networks
2034,Reinforcement_Learning
2035,Genetic_Algorithms
2036,Rule_Learning
2037,Theory
2038,Neural_Networks
2039,Case_Based
2040,Neural_Networks
2041,Neural_Networks
2042,Case_Based
2043,Case_Based
2044,Theory
2045,Genetic_Algorithms
2046,Case_Based
2047,Genetic_Algorithms
2048,Neural_Networks
2049,Neural_Networks
2050,Case_Based
2051,Probabilistic_Methods
2052,Probabilistic_Methods
2053,Theory
2054,Probabilistic_Methods
2055,Neural_Networks
2056,Neural_Networks
2057,Neural_Networks
2058,Genetic_Algorithms
2059,Genetic_Algorithms
2060,Theory
2061,Neural_Networks
2062,Neural_Networks
2063,Probabilistic_Methods
2064,Neural_Networks
2065,Probabilistic_Methods
2066,Neural_Networks
2067,Probabilistic_Methods
2068,Neural_Networks
2069,Rule_Learning
2070,Probabilistic_Methods
2071,Genetic_Algorithms
2072,Neural_Networks
2073,Reinforcement_Learning
2074,Rule_Learning
2075,Theory
2076,Reinforcement_Learning
2077,Case_Based
2078,Rule_Learning
2079,Neural_Networks
2080,Theory
2081,Rule_Learning
2082,Neural_Networks
2083,Probabilistic_Methods
2084,Case_Based
2085,Neural_Networks
2086,Theory
2087,Neural_Networks
2088,Probabilistic_Methods
2089,Case_Based
2090,Neural_Networks
2091,Genetic_Algorithms
2092,Probabilistic_Methods
2093,Case_Based
2094,Probabilistic_Methods
2095,Case_Based
2096,Theory
2097,Case_Based
2098,Case_Based
2099,Theory
2100,Genetic_Algorithms
2101,Case_Based
2102,Genetic_Algorithms
2103,Case_Based
2104,Rule_Learning
2105,Neural_Networks
2106,Theory
2107,Rule_Learning
2108,Neural_Networks
2109,Neural_Networks
2110,Genetic_Algorithms
2111,Probabilistic_Methods
2112,Probabilistic_Methods
2113,Reinforcement_Learning
2114,Genetic_Algorithms
2115,Neural_Networks
2116,Theory
2117,Case_Based
2118,Probabilistic_Methods
2119,Neural_Networks
2120,Case_Based
2121,Case_Based
2122,Theory
2123,Neural_Networks
2124,Neural_Networks
2125,Case_Based
2126,Neural_Networks
2127,Neural_Networks
2128,Rule_Learning
2129,Probabilistic_Methods
2130,Case_Based
2131,Genetic_Algorithms
2132,Case_Based
2133,Case_Based
2134,Rule_Learning
2135,Theory
2136,Probabilistic_Methods
2137,Neural_Networks
2138,Rule_Learning
2139,Case_Based
2140,Neural_Networks
2141,Neural_Networks
2142,Reinforcement_Learning
2143,Theory
2144,Case_Based
2145,Neural_Networks
2146,Theory
2147,Theory
2148,Genetic_Algorithms
2149,Neural_Networks
2150,Neural_Networks
2151,Neural_Networks
2152,Case_Based
2153,Case_Based
2154,Genetic_Algorithms
2155,Rule_Learning
2156,Genetic_Algorithms
2157,Probabilistic_Methods
2158,Theory
2159,Probabilistic_Methods
2160,Neural_Networks
2161,Neural_Networks
2162,Probabilistic_Methods
2163,Case_Based
2164,Case_Based
2165,Probabilistic_Methods
2166,Genetic_Algorithms
2167,Probabilistic_Methods
2168,Genetic_Algorithms
2169,Neural_Networks
2170,Probabilistic_Methods
2171,Genetic_Algorithms
2172,Reinforcement_Learning
2173,Case_Based
2174,Genetic_Algorithms
2175,Probabilistic_Methods
2176,Genetic_Algorithms
2177,Neural_Networks
2178,Genetic_Algorithms
2179,Reinforcement_Learning
2180,Theory
2181,Neural_Networks
2182,Probabilistic_Methods
2183,Probabilistic_Methods
2184,Neural_Networks
2185,Case_Based
2186,Neural_Networks
2187,Neural_Networks
2188,Probabilistic_Methods
2189,Probabilistic_Methods
2190,Case_Based
2191,Probabilistic_Methods
2192,Neural_Networks
2193,Neural_Networks
2194,Neural_Networks
2195,Probabilistic_Methods
2196,Neural_Networks
2197,Genetic_Algorithms
2198,Case_Based
2199,Case_Based
2200,Genetic_Algorithms
2201,Reinforcement_Learning
2202,Probabilistic_Methods
2203,Reinforcement_Learning
2204,Reinforcement_Learning
2205,Theory
2206,Neural_Networks
2207,Neural_Networks
2208,Probabilistic_Methods
2209,Neural_Networks
2210,Neural_Networks
2211,Theory
2212,Reinforcement_Learning
2213,Genetic_Algorithms
2214,Neural_Networks
2215,Case_Based
2216,Rule_Learning
2217,Rule_Learning
2218,Probabilistic_Methods
2219,Rule_Learning
2220,Case_Based
2221,Neural_Networks
2222,Probabilistic_Methods
2223,Reinforcement_Learning
2224,Neural_Networks
2225,Neural_Networks
2226,Probabilistic_Methods
2227,Reinforcement_Learning
2228,Probabilistic_Methods
2229,Theory
2230,Probabilistic_Methods
2231,Reinforcement_Learning
2232,Theory
2233,Case_Based
2234,Genetic_Algorithms
2235,Neural_Networks
2236,Case_Based
2237,Neural_Networks
2238,Case_Based
2239,Genetic_Algorithms
2240,Case_Based
2241,Probabilistic_Methods
2242,Theory
2243,Probabilistic_Methods
2244,Case_Based
2245,Reinforcement_Learning
2246,Case_Based
2247,Genetic_Algorithms
2248,Theory
2249,Probabilistic_Methods
2250,Neural_Networks
2251,Theory
2252,Rule_Learning
2253,Probabilistic_Methods
2254,Case_Based
2255,Probabilistic_Methods
2256,Neural_Networks
2257,Reinforcement_Learning
2258,Neural_Networks
2259,Case_Based
2260,Probabilistic_Methods
2261,Case_Based
2262,Genetic_Algorithms
2263,Theory
2264,Rule_Learning
2265,Theory
2266,Probabilistic_Methods
2267,Reinforcement_Learning
2268,Probabilistic_Methods
2269,Reinforcement_Learning
2270,Theory
2271,Genetic_Algorithms
2272,Rule_Learning
2273,Neural_Networks
2274,Neural_Networks
2275,Neural_Networks
2276,Neural_Networks
2277,Neural_Networks
2278,Neural_Networks
2279,Neural_Networks
2280,Case_Based
2281,Reinforcement_Learning
2282,Case_Based
2283,Case_Based
2284,Probabilistic_Methods
2285,Probabilistic_Methods
2286,Neural_Networks
2287,Case_Based
2288,Genetic_Algorithms
2289,Reinforcement_Learning
2290,Theory
2291,Neural_Networks
2292,Probabilistic_Methods
2293,Theory
2294,Neural_Networks
2295,Theory
2296,Rule_Learning
2297,Theory
2298,Neural_Networks
2299,Neural_Networks
2300,Probabilistic_Methods
2301,Probabilistic_Methods
2302,Reinforcement_Learning
2303,Theory
2304,Case_Based
2305,Genetic_Algorithms
2306,Case_Based
2307,Probabilistic_Methods
2308,Probabilistic_Methods
2309,Theory
2310,Neural_Networks
2311,Rule_Learning
2312,Neural_Networks
2313,Probabilistic_Methods
2314,Genetic_Algorithms
2315,Genetic_Algorithms
2316,Neural_Networks
2317,Neural_Networks
2318,Theory
2319,Neural_Networks
2320,Theory
2321,Neural_Networks
2322,Neural_Networks
2323,Theory
2324,Genetic_Algorithms
2325,Rule_Learning
2326,Theory
2327,Genetic_Algorithms
2328,Rule_Learning
2329,Probabilistic_Methods
2330,Case_Based
2331,Reinforcement_Learning
2332,Reinforcement_Learning
2333,Probabilistic_Methods
2334,Neural_Networks
2335,Reinforcement_Learning
2336,Neural_Networks
2337,Genetic_Algorithms
2338,Neural_Networks
2339,Neural_Networks
2340,Case_Based
2341,Probabilistic_Methods
2342,Neural_Networks
2343,Genetic_Algorithms
2344,Probabilistic_Methods
2345,Genetic_Algorithms
2346,Theory
2347,Genetic_Algorithms
2348,Rule_Learning
2349,Theory
2350,Genetic_Algorithms
2351,Genetic_Algorithms
2352,Theory
2353,Theory
2354,Probabilistic_Methods
2355,Probabilistic_Methods
2356,Genetic_Algorithms
2357,Probabilistic_Methods
2358,Probabilistic_Methods
2359,Neural_Networks
2360,Neural_Networks
2361,Probabilistic_Methods
2362,Probabilistic_Methods
2363,Case_Based
2364,Neural_Networks
2365,Probabilistic_Methods
2366,Reinforcement_Learning
2367,Case_Based
2368,Theory
2369,Reinforcement_Learning
2370,Neural_Networks
2371,Probabilistic_Methods
2372,Neural_Networks
2373,Rule_Learning
2374,Theory
2375,Reinforcement_Learning
2376,Genetic_Algorithms
2377,Neural_Networks
2378,Probabilistic_Methods
2379,Reinforcement_Learning
2380,Rule_Learning
2381,Theory
2382,Theory
2383,Case_Based
2384,Theory
2385,Neural_Networks
2386,Genetic_Algorithms
2387,Reinforcement_Learning
2388,Theory
2389,Rule_Learning
2390,Case_Based
2391,Probabilistic_Methods
2392,Neural_Networks
2393,Genetic_Algorithms
2394,Neural_Networks
2395,Probabilistic_Methods
2396,Rule_Learning
2397,Theory
2398,Genetic_Algorithms
2399,Theory
2400,Genetic_Algorithms
2401,Neural_Networks
2402,Theory
2403,Probabilistic_Methods
2404,Genetic_Algorithms
2405,Probabilistic_Methods
2406,Genetic_Algorithms
2407,Theory
2408,Probabilistic_Methods
2409,Genetic_Algorithms
2410,Probabilistic_Methods
2411,Reinforcement_Learning
2412,Theory
2413,Theory
2414,Probabilistic_Methods
2415,Probabilistic_Methods
2416,Theory
2417,Rule_Learning
2418,Neural_Networks
2419,Theory
2420,Neural_Networks
2421,Neural_Networks
2422,Neural_Networks
2423,Genetic_Algorithms
2424,Neural_Networks
2425,Neural_Networks
2426,Reinforcement_Learning
2427,Theory
2428,Probabilistic_Methods
2429,Case_Based
2430,Probabilistic_Methods
2431,Neural_Networks
2432,Reinforcement_Learning
2433,Reinforcement_Learning
2434,Rule_Learning
2435,Genetic_Algorithms
2436,Genetic_Algorithms
2437,Neural_Networks
2438,Rule_Learning
2439,Neural_Networks
2440,Probabilistic_Methods
2441,Genetic_Algorithms
2442,Theory
2443,Reinforcement_Learning
2444,Neural_Networks
2445,Neural_Networks
2446,Neural_Networks
2447,Case_Based
2448,Probabilistic_Methods
2449,Reinforcement_Learning
2450,Theory
2451,Reinforcement_Learning
2452,Neural_Networks
2453,Probabilistic_Methods
2454,Case_Based
2455,Reinforcement_Learning
2456,Theory
2457,Neural_Networks
2458,Neural_Networks
2459,Theory
2460,Genetic_Algorithms
2461,Neural_Networks
2462,Probabilistic_Methods
2463,Genetic_Algorithms
2464,Probabilistic_Methods
2465,Case_Based
2466,Genetic_Algorithms
2467,Theory
2468,Neural_Networks
2469,Probabilistic_Methods
2470,Reinforcement_Learning
2471,Case_Based
2472,Case_Based
2473,Probabilistic_Methods
2474,Reinforcement_Learning
2475,Probabilistic_Methods
2476,Probabilistic_Methods
2477,Case_Based
2478,Reinforcement_Learning
2479,Rule_Learning
2480,Probabilistic_Methods
2481,Neural_Networks
2482,Theory
2483,Theory
2484,Reinforcement_Learning
2485,Neural_Networks
2486,Theory
2487,Neural_Networks
2488,Genetic_Algorithms
2489,Genetic_Algorithms
2490,Neural_Networks
2491,Neural_Networks
2492,Probabilistic_Methods
2493,Case_Based
2494,Neural_Networks
2495,Genetic_Algorithms
2496,Neural_Networks
2497,Neural_Networks
2498,Neural_Networks
2499,Rule_Learning
2500,Neural_Networks
2501,Neural_Networks
2502,Genetic_Algorithms
2503,Neural_Networks
2504,Theory
2505,Probabilistic_Methods
2506,Reinforcement_Learning
2507,Probabilistic_Methods
2508,Neural_Networks
2509,Genetic_Algorithms
2510,Theory
2511,Genetic_Algorithms
2512,Probabilistic_Methods
2513,Neural_Networks
2514,Theory
2515,Case_Based
2516,Rule_Learning
2517,Neural_Networks
2518,Case_Based
2519,Genetic_Algorithms
2520,Probabilistic_Methods
2521,Reinforcement_Learning
2522,Neural_Networks
2523,Probabilistic_Methods
2524,Rule_Learning
2525,Probabilistic_Methods
2526,Probabilistic_Methods
2527,Theory
2528,Theory
2529,Theory
2530,Theory
2531,Neural_Networks
2532,Neural_Networks
2533,Genetic_Algorithms
2534,Neural_Networks
2535,Neural_Networks
2536,Neural_Networks
2537,Probabilistic_Methods
2538,Neural_Networks
2539,Genetic_Algorithms
2540,Neural_Networks
2541,Neural_Networks
2542,Genetic_Algorithms
2543,Neural_Networks
2544,Theory
2545,Case_Based
2546,Rule_Learning
2547,Neural_Networks
2548,Reinforcement_Learning
2549,Genetic_Algorithms
2550,Genetic_Algorithms
2551,Theory
2552,Probabilistic_Methods
2553,Probabilistic_Methods
2554,Neural_Networks
2555,Rule_Learning
2556,Neural_Networks
2557,Theory
2558,Case_Based
2559,Genetic_Algorithms
2560,Neural_Networks
2561,Reinforcement_Learning
2562,Probabilistic_Methods
2563,Reinforcement_Learning
2564,Genetic_Algorithms
2565,Probabilistic_Methods
2566,Rule_Learning
2567,Theory
2568,Theory
2569,Genetic_Algorithms
2570,Genetic_Algorithms
2571,Theory
2572,Neural_Networks
2573,Reinforcement_Learning
2574,Genetic_Algorithms
2575,Theory
2576,Genetic_Algorithms
2577,Probabilistic_Methods
2578,Neural_Networks
2579,Neural_Networks
2580,Neural_Networks
2581,Genetic_Algorithms
2582,Genetic_Algorithms
2583,Case_Based
2584,Probabilistic_Methods
2585,Rule_Learning
2586,Neural_Networks
2587,Neural_Networks
2588,Genetic_Algorithms
2589,Neural_Networks
2590,Probabilistic_Methods
2591,Neural_Networks
2592,Reinforcement_Learning
2593,Neural_Networks
2594,Rule_Learning
2595,Probabilistic_Methods
2596,Neural_Networks
2597,Theory
2598,Case_Based
2599,Probabilistic_Methods
2600,Probabilistic_Methods
2601,Probabilistic_Methods
2602,Neural_Networks
2603,Neural_Networks
2604,Rule_Learning
2605,Reinforcement_Learning
2606,Case_Based
2607,Probabilistic_Methods
2608,Neural_Networks
2609,Theory
2610,Rule_Learning
2611,Neural_Networks
2612,Neural_Networks
2613,Theory
2614,Reinforcement_Learning
2615,Genetic_Algorithms
2616,Neural_Networks
2617,Neural_Networks
2618,Case_Based
2619,Genetic_Algorithms
2620,Theory
2621,Neural_Networks
2622,Probabilistic_Methods
2623,Case_Based
2624,Case_Based
2625,Case_Based
2626,Neural_Networks
2627,Neural_Networks
2628,Neural_Networks
2629,Genetic_Algorithms
2630,Theory
2631,Case_Based
2632,Neural_Networks
2633,Rule_Learning
2634,Case_Based
2635,Neural_Networks
2636,Reinforcement_Learning
2637,Genetic_Algorithms
2638,Neural_Networks
2639,Neural_Networks
2640,Neural_Networks
2641,Theory
2642,Neural_Networks
2643,Neural_Networks
2644,Probabilistic_Methods
2645,Case_Based
2646,Neural_Networks
2647,Probabilistic_Methods
2648,Rule_Learning
2649,Neural_Networks
2650,Neural_Networks
2651,Neural_Networks
2652,Case_Based
2653,Neural_Networks
2654,Probabilistic_Methods
2655,Neural_Networks
2656,Case_Based
2657,Genetic_Algorithms
2658,Neural_Networks
2659,Probabilistic_Methods
2660,Probabilistic_Methods
2661,Neural_Networks
2662,Neural_Networks
2663,Probabilistic_Methods
2664,Probabilistic_Methods
2665,Theory
2666,Neural_Networks
2667,Reinforcement_Learning
2668,Neural_Networks
2669,Case_Based
2670,Case_Based
2671,Probabilistic_Methods
2672,Genetic_Algorithms
2673,Reinforcement_Learning
2674,Neural_Networks
2675,Rule_Learning
2676,Neural_Networks
2677,Probabilistic_Methods
2678,Neural_Networks
2679,Genetic_Algorithms
2680,Genetic_Algorithms
2681,Neural_Networks
2682,Reinforcement_Learning
2683,Probabilistic_Methods
2684,Neural_Networks
2685,Genetic_Algorithms
2686,Genetic_Algorithms
2687,Genetic_Algorithms
2688,Probabilistic_Methods
2689,Neural_Networks
2690,Neural_Networks
2691,Theory
2692,Probabilistic_Methods
2693,Probabilistic_Methods
2694,Rule_Learning
2695,Probabilistic_Methods
2696,Case_Based
2697,Theory
2698,Genetic_Algorithms
2699,Neural_Networks
2700,Rule_Learning
2701,Case_Based
2702,Genetic_Algorithms
2703,Probabilistic_Methods
2704,Neural_Networks
2705,Neural_Networks
2706,Neural_Networks
2707,Probabilistic_Methods
